WKT,Id
"LINESTRING ((114.5126297057 24.8456121838,114.5509917961 23.6343896991,112.6947214972 24.2364701663,113.0183281940 25.9591999346,114.8552720905 25.9116107144))","0"
"LINESTRING ((116.7588408952 23.6653995249,114.1897348643 23.1784963680,111.5620980584 22.7897578748,113.1515780103 21.3049742072,115.9974133733 20.9623318223))","0"
"LINESTRING ((112.9992925060 22.7136151226,111.4549782136 25.0770598518,111.8761869112 26.2161817232,110.7340456284 23.2656500760,111.1223841090 21.0209477846,111.9646217900 21.7113008611))","0"
