WKT,Id
"MULTILINESTRING ((112.0932833572 23.8248805451,112.3298276739 23.7626540449,112.3740487685 23.8008352638), (112.7479243910 24.1236456134,112.7772560571 24.1489710554), (112.9200199584 24.2722357513,113.0355396801 24.3719773751), (113.0355396801 24.3719773751,113.2603478847 24.5660804692), (113.2603478847 24.5660804692,113.5752354174 24.8379595338), (113.5752354174 24.8379595338,113.7328579183 24.9740533884), (113.2789755817 25.3238097771,113.1340372136 25.1478830725), (113.1340372136 25.1478830725,113.1010127035 25.1077978052), (111.7072191343 23.2928459574,112.7296350761 23.2432061952), (114.0303760190 23.5613821106,113.0355396801 24.3719773751), (113.0355396801 24.3719773751,112.9557140867 24.4370194785), (113.1129103383 25.1627238309,113.1340372136 25.1478830725), (113.1340372136 25.1478830725,113.5752354174 24.8379595338), (113.5752354174 24.8379595338,114.1298276739 24.4483813505,113.2603478847 24.5660804692), (113.2603478847 24.5660804692,112.9915519247 24.6024666486))","0"
"MULTILINESTRING ((113.6345008287 23.7850165746,113.9833187976 24.0718318333), (114.1421289962 23.9494545626,113.5322329199 23.3128916621), (112.9232447441 22.6772763588,111.8612592525 21.5688570869), (111.9640931837 21.5978292122,112.9992721549 22.5878814912), (113.3272064716 22.9015201242,113.3765056598 22.9486702066), (113.4734147732 23.0413547483,114.2976227421 23.8296329114), (113.4184046173 22.3242610823,113.4485005851 22.2895074051))","0"
