WKT,Id
"MULTIPOINT ((111.3008983153 23.4991016847), (111.6318142830 24.2135619055), (111.6991016847 23.6991016847), (112.1671930093 24.1719213379), (112.3872931524 24.3979701335), (112.4991016847 23.2991016847), (112.6133419479 24.1838186429), (112.9008983153 23.8031048820))","0"
"MULTIPOINT ((112.9008983153 22.6133743791), (113.3866667748 23.1008983153), (113.4991016847 24.0991016847), (113.7733291883 23.3008983153), (113.9008983153 23.3807505535), (114.1008983153 24.0469996351), (114.4991016847 22.4051715411))","0"
"MULTIPOINT ((110.4063918650 22.8572691322), (110.4896730002 23.4045451635), (110.5491595254 22.2029173556), (110.7573623634 22.3813769310), (110.7752083209 22.8989096998), (111.6991016847 22.0244577801), (112.4467796775 22.3008983153), (112.5835986854 23.0178827501), (113.1665666318 21.7008983153), (113.7008983153 22.0991016847), (113.8030724509 22.7008983153), (113.8090211034 22.0066118226), (113.8209184084 22.1672254405), (113.8387643659 22.5008983153), (114.0991016847 21.6991016847))","0"
"MULTIPOINT ((110.6621839232 23.5175695613), (110.6621839232 24.9571434698), (110.6978758382 24.2076132530), (110.7335677533 23.0595233177), (111.4236114450 25.0285273000), (112.0244253490 25.0285273000), (112.7204176932 25.0880138252), (113.5770236553 25.0344759525))","0"
