WKT,Id
"POLYGON ((111.6199169780 25.2664734006,112.8750826586 25.3735491459,113.1992413771 23.9431058821,111.5968569855 22.9564218434,110.6978758382 24.2076132530,111.6199169780 25.2664734006))","0"
"POLYGON ((114.0945564241 25.3319085783,114.9868543013 25.4806248911,115.4991016847 23.0991016847,113.6727424715 23.4382803502,114.0945564241 25.3319085783))","0"
"POLYGON ((110.6443379656 22.6371689891,113.1487206743 22.1008983153,111.9946820864 20.5729865666,111.2332545646 21.0131868527,110.6383893131 21.0548274203,110.3171620773 21.3463113935,110.1565484594 21.7924603321,110.1208565443 22.0839443053,110.1208565443 22.3932742361,110.1387025019 22.5598365065,110.1684457644 22.7085528193,110.2160349846 22.8275258696,110.3231107298 22.9524475724,110.4063918650 23.0119340976,110.6621839232 23.0833179277,110.8991016847 23.0991016847,111.0604124790 23.0975415483,111.2111193716 22.9309103907,111.2991016847 22.8991016847,111.3998168350 22.7008983153,111.5723277579 22.5008983153,112.2207308820 22.3694796260,110.6443379656 22.6371689891))","0"
"POLYGON ((113.6305615279 20.5670379141,114.0172239414 22.5008983153,114.7786514632 22.9008983153,115.3913626722 22.2148146606,113.6305615279 20.5670379141))","0"
