WKT	Id
"LINESTRING (113.985830955026 23.5578748907129,113.514697675871 22.658438630509,112.80799775714 21.9267543712162,112.49390890437 22.3550573522656)"	"0"
"LINESTRING (113.332668908925 23.443660762433,113.389775973065 22.82619063142,112.886519970332 22.9511123342261,113.111379035383 23.4936294435554)"	"0"
"LINESTRING (113.753833506957 23.4507991454505,113.80380218808 22.7119765031402,114.65683895867 22.9368355681911,113.60392746359 22.3265038201957,114.024803296348 22.9801121516562,114.078629934253 23.2937547190657,112.558154351527 22.462133097528,112.679506862825 22.9868042493136)"	"0"
