X,Y,Id,
112.0991016847,23.7860255728685,0
112.1008983153,24.437997888466,0
113.4991016847,24.5569709387576,0
113.8390923108,23.5008983153,0
112.5008983153,23.9811413753466,0
113.0991016847,23.8621683250551,0
111.3008983153,23.8991016847,0
112.035460868381,24.3008983153,0
